bucket	status	name	dispatch	target	file	line	note
editing/regions	needs-classification	posn-at-point	stub-module	nil	crates/elisp/src/primitives/core/stubs.rs	131	matched in stubs::call
editing/regions	needs-classification	posn-point	stub-module	nil	crates/elisp/src/primitives/core/stubs.rs	131	matched in stubs::call
editing/regions	runtime-missing	posn-at-point	bootstrap-alias	ignore	crates/elisp/src/eval/bootstrap/functions_2.rs	1039	silent primitive alias
keymap/help	needs-classification	keyboard-escape-quit	stub-module	nil	crates/elisp/src/primitives/core/stubs.rs	169	matched in stubs::call
keymap/help	needs-classification	keyboard-quit	stub-module	nil	crates/elisp/src/primitives/core/stubs.rs	153	matched in stubs::call
keymap/help	needs-classification	keymap-prompt	phase1-registration	stubs::call	crates/elisp/src/primitives/core.rs	727	registered through Phase-1 stub list
keymap/help	needs-classification	keymap-prompt	stub-module	nil	crates/elisp/src/primitives/core/stubs.rs	330	matched in stubs::call
keymap/help	needs-classification	listify-key-sequence	stub-module	helper-or-compound	crates/elisp/src/primitives/core/stubs.rs	125	matched in stubs::call
keymap/help	needs-classification	read-kbd-macro	phase1-registration	stubs::call	crates/elisp/src/primitives/core.rs	729	registered through Phase-1 stub list
keymap/help	needs-classification	read-kbd-macro	stub-module	nil	crates/elisp/src/primitives/core/stubs.rs	336	matched in stubs::call
keymap/help	needs-classification	single-key-description	stub-module	helper-or-compound	crates/elisp/src/primitives/core/stubs.rs	124	matched in stubs::call
keymap/help	runtime-missing	describe-key	bootstrap-alias	ignore	crates/elisp/src/eval/bootstrap/functions_2.rs	724	silent primitive alias
keymap/help	runtime-missing	describe-mode	bootstrap-alias	ignore	crates/elisp/src/eval/bootstrap/functions_2.rs	729	silent primitive alias
keymap/help	runtime-missing	describe-variable	bootstrap-alias	ignore	crates/elisp/src/eval/bootstrap/functions_2.rs	723	silent primitive alias
keymap/help	runtime-missing	key-valid-p	bootstrap-alias	ignore	crates/elisp/src/eval/bootstrap/functions_2.rs	293	silent primitive alias
keymap/help	runtime-missing	keymap--check	bootstrap-alias	ignore	crates/elisp/src/eval/bootstrap/functions_2.rs	351	silent primitive alias
keymap/help	runtime-missing	keymap--compile-check	bootstrap-alias	ignore	crates/elisp/src/eval/bootstrap/functions_2.rs	352	silent primitive alias
keymap/help	runtime-missing	keymap-set-after	bootstrap-alias	ignore	crates/elisp/src/eval/bootstrap/functions_2.rs	292	silent primitive alias
keymap/help	runtime-missing	listify-key-sequence	bootstrap-alias	ignore	crates/elisp/src/eval/bootstrap/functions_2.rs	117	silent primitive alias
other	compat-identity	bare-symbol	bootstrap-alias	identity	crates/elisp/src/eval/bootstrap/functions_2.rs	84	silent primitive alias
other	compat-identity	locate-user-emacs-file	bootstrap-alias	identity	crates/elisp/src/eval/bootstrap/functions_2.rs	718	silent primitive alias
other	compat-identity	propertize	bootstrap-alias	identity	crates/elisp/src/eval/bootstrap/functions_2.rs	307	silent primitive alias
other	compat-identity	purecopy	bootstrap-alias	identity	crates/elisp/src/eval/bootstrap/functions_2.rs	94	silent primitive alias
other	compat-identity	regexp	bootstrap-alias	identity	crates/elisp/src/eval/bootstrap/functions_2.rs	227	silent primitive alias
other	needs-classification	UTC	stub-module	nil	crates/elisp/src/primitives/core/stubs.rs	320	matched in stubs::call
other	needs-classification	Wrong type argument: wholenump, -1	stub-module	nil	crates/elisp/src/primitives/core/stubs.rs	280	matched in stubs::call
other	needs-classification	abbreviate-file-name	stub-module	helper-or-compound	crates/elisp/src/primitives/core/stubs.rs	49	matched in stubs::call
other	needs-classification	access-file	phase1-registration	stubs::call	crates/elisp/src/primitives/core.rs	705	registered through Phase-1 stub list
other	needs-classification	access-file	stub-module	nil	crates/elisp/src/primitives/core/stubs.rs	271	matched in stubs::call
other	needs-classification	add-function	stub-module	nil	crates/elisp/src/primitives/core/stubs.rs	209	matched in stubs::call
other	needs-classification	add-minor-mode	stub-module	nil	crates/elisp/src/primitives/core/stubs.rs	30	matched in stubs::call
other	needs-classification	add-name-to-file	phase1-registration	stubs::call	crates/elisp/src/primitives/core.rs	706	registered through Phase-1 stub list
other	needs-classification	add-name-to-file	stub-module	nil	crates/elisp/src/primitives/core/stubs.rs	271	matched in stubs::call
other	needs-classification	add-to-invisibility-spec	stub-module	nil	crates/elisp/src/primitives/core/stubs.rs	106	matched in stubs::call
other	needs-classification	add-to-list	stub-module	nil	crates/elisp/src/primitives/core/stubs.rs	105	matched in stubs::call
other	needs-classification	add-to-ordered-list	stub-module	nil	crates/elisp/src/primitives/core/stubs.rs	105	matched in stubs::call
other	needs-classification	advice--add-function	stub-module	nil	crates/elisp/src/primitives/core/stubs.rs	209	matched in stubs::call
other	needs-classification	advice--make	stub-module	nil	crates/elisp/src/primitives/core/stubs.rs	209	matched in stubs::call
other	needs-classification	advice--p	stub-module	nil	crates/elisp/src/primitives/core/stubs.rs	209	matched in stubs::call
other	needs-classification	advice--symbol-function	stub-module	nil	crates/elisp/src/primitives/core/stubs.rs	209	matched in stubs::call
other	needs-classification	advice--tweaked	stub-module	nil	crates/elisp/src/primitives/core/stubs.rs	209	matched in stubs::call
other	needs-classification	advice-eval-interactive-spec	stub-module	nil	crates/elisp/src/primitives/core/stubs.rs	209	matched in stubs::call
other	needs-classification	advice-function-mapc	stub-module	nil	crates/elisp/src/primitives/core/stubs.rs	209	matched in stubs::call
other	needs-classification	advice-function-member-p	stub-module	nil	crates/elisp/src/primitives/core/stubs.rs	209	matched in stubs::call
other	needs-classification	apply	stub-module	signals	crates/elisp/src/primitives/core/stubs.rs	256	matched in stubs::call
other	needs-classification	apply must be called through eval dispatch	stub-module	constant-integer	crates/elisp/src/primitives/core/stubs.rs	257	matched in stubs::call
other	needs-classification	ask-user-about-lock	stub-module	nil	crates/elisp/src/primitives/core/stubs.rs	177	matched in stubs::call
other	needs-classification	ask-user-about-supersession-threat	stub-module	nil	crates/elisp/src/primitives/core/stubs.rs	177	matched in stubs::call
other	needs-classification	backtrace-debug	stub-module	nil	crates/elisp/src/primitives/core/stubs.rs	221	matched in stubs::call
other	needs-classification	backtrace-eval	stub-module	nil	crates/elisp/src/primitives/core/stubs.rs	221	matched in stubs::call
other	needs-classification	backward-prefix-chars	stub-module	nil	crates/elisp/src/primitives/core/stubs.rs	22	matched in stubs::call
other	needs-classification	backward-up-list	stub-module	nil	crates/elisp/src/primitives/core/stubs.rs	167	matched in stubs::call
other	needs-classification	bare-symbol-p	stub-module	helper-or-compound	crates/elisp/src/primitives/core/stubs.rs	291	matched in stubs::call
other	needs-classification	bookmark-delete	stub-module	helper-or-compound	crates/elisp/src/primitives/core/stubs.rs	200	matched in stubs::call
other	needs-classification	bookmark-get-bookmark-record	stub-module	helper-or-compound	crates/elisp/src/primitives/core/stubs.rs	200	matched in stubs::call
other	needs-classification	bookmark-jump	stub-module	helper-or-compound	crates/elisp/src/primitives/core/stubs.rs	200	matched in stubs::call
other	needs-classification	bookmark-set	stub-module	helper-or-compound	crates/elisp/src/primitives/core/stubs.rs	200	matched in stubs::call
other	needs-classification	byte-to-string	phase1-registration	stubs::call	crates/elisp/src/primitives/core.rs	718	registered through Phase-1 stub list
other	needs-classification	byte-to-string	stub-module	helper-or-compound	crates/elisp/src/primitives/core/stubs.rs	311	matched in stubs::call
other	needs-classification	cancel-debug-on-entry	stub-module	nil	crates/elisp/src/primitives/core/stubs.rs	221	matched in stubs::call
other	needs-classification	char-displayable-p	stub-module	helper-or-compound	crates/elisp/src/primitives/core/stubs.rs	77	matched in stubs::call
other	needs-classification	char-equal	phase1-registration	stubs::call	crates/elisp/src/primitives/core.rs	717	registered through Phase-1 stub list
other	needs-classification	char-equal	stub-module	helper-or-compound	crates/elisp/src/primitives/core/stubs.rs	302	matched in stubs::call
other	needs-classification	char-resolve-modifiers	phase1-registration	stubs::call	crates/elisp/src/primitives/core.rs	719	registered through Phase-1 stub list
other	needs-classification	char-resolve-modifiers	stub-module	helper-or-compound	crates/elisp/src/primitives/core/stubs.rs	312	matched in stubs::call
other	needs-classification	char-width	stub-module	helper-or-compound	crates/elisp/src/primitives/core/stubs.rs	113	matched in stubs::call
other	needs-classification	clear-visited-file-modtime	stub-module	nil	crates/elisp/src/primitives/core/stubs.rs	177	matched in stubs::call
other	needs-classification	closurep	stub-module	nil	crates/elisp/src/primitives/core/stubs.rs	299	matched in stubs::call
other	needs-classification	command-remapping	stub-module	nil	crates/elisp/src/primitives/core/stubs.rs	72	matched in stubs::call
other	needs-classification	composition-get-gstring	stub-module	helper-or-compound	crates/elisp/src/primitives/core/stubs.rs	78	matched in stubs::call
other	needs-classification	copy-tramp-file-name	phase1-registration	stubs::call	crates/elisp/src/primitives/core.rs	722	registered through Phase-1 stub list
other	needs-classification	copy-tramp-file-name	stub-module	argument-derived	crates/elisp/src/primitives/core/stubs.rs	315	matched in stubs::call
other	needs-classification	current-column	stub-module	constant-integer	crates/elisp/src/primitives/core/stubs.rs	160	matched in stubs::call
other	needs-classification	current-indentation	stub-module	constant-integer	crates/elisp/src/primitives/core/stubs.rs	160	matched in stubs::call
other	needs-classification	current-kill	stub-module	helper-or-compound	crates/elisp/src/primitives/core/stubs.rs	188	matched in stubs::call
other	needs-classification	current-time-zone	phase1-registration	stubs::call	crates/elisp/src/primitives/core.rs	723	registered through Phase-1 stub list
other	needs-classification	current-time-zone	stub-module	helper-or-compound	crates/elisp/src/primitives/core/stubs.rs	318	matched in stubs::call
other	needs-classification	dbus-available-p	stub-module	nil	crates/elisp/src/primitives/core/stubs.rs	14	matched in stubs::call
other	needs-classification	debug	stub-module	nil	crates/elisp/src/primitives/core/stubs.rs	221	matched in stubs::call
other	needs-classification	debug-on-entry	stub-module	nil	crates/elisp/src/primitives/core/stubs.rs	221	matched in stubs::call
other	needs-classification	default-file-modes	phase1-registration	stubs::call	crates/elisp/src/primitives/core.rs	707	registered through Phase-1 stub list
other	needs-classification	default-file-modes	stub-module	constant-integer	crates/elisp/src/primitives/core/stubs.rs	272	matched in stubs::call
other	needs-classification	down-list	stub-module	nil	crates/elisp/src/primitives/core/stubs.rs	167	matched in stubs::call
other	needs-classification	error-type-p	phase1-registration	stubs::call	crates/elisp/src/primitives/core.rs	716	registered through Phase-1 stub list
other	needs-classification	error-type-p	stub-module	nil	crates/elisp/src/primitives/core/stubs.rs	299	matched in stubs::call
other	needs-classification	event-basic-type	stub-module	nil	crates/elisp/src/primitives/core/stubs.rs	131	matched in stubs::call
other	needs-classification	event-click-count	stub-module	nil	crates/elisp/src/primitives/core/stubs.rs	131	matched in stubs::call
other	needs-classification	event-convert-list	stub-module	nil	crates/elisp/src/primitives/core/stubs.rs	131	matched in stubs::call
other	needs-classification	event-end	stub-module	nil	crates/elisp/src/primitives/core/stubs.rs	131	matched in stubs::call
other	needs-classification	event-line-count	stub-module	nil	crates/elisp/src/primitives/core/stubs.rs	131	matched in stubs::call
other	needs-classification	event-modifiers	stub-module	nil	crates/elisp/src/primitives/core/stubs.rs	131	matched in stubs::call
other	needs-classification	event-start	stub-module	nil	crates/elisp/src/primitives/core/stubs.rs	131	matched in stubs::call
other	needs-classification	expand-file-name	stub-module	helper-or-compound	crates/elisp/src/primitives/core/stubs.rs	49	matched in stubs::call
other	needs-classification	file-acl	phase1-registration	stubs::call	crates/elisp/src/primitives/core.rs	708	registered through Phase-1 stub list
other	needs-classification	file-acl	stub-module	nil	crates/elisp/src/primitives/core/stubs.rs	273	matched in stubs::call
other	needs-classification	file-locked-p	stub-module	nil	crates/elisp/src/primitives/core/stubs.rs	177	matched in stubs::call
other	needs-classification	file-name-all-completions	phase1-registration	stubs::call	crates/elisp/src/primitives/core.rs	703	registered through Phase-1 stub list
other	needs-classification	file-name-all-completions	stub-module	nil	crates/elisp/src/primitives/core/stubs.rs	270	matched in stubs::call
other	needs-classification	file-name-completion	phase1-registration	stubs::call	crates/elisp/src/primitives/core.rs	704	registered through Phase-1 stub list
other	needs-classification	file-name-completion	stub-module	nil	crates/elisp/src/primitives/core/stubs.rs	270	matched in stubs::call
other	needs-classification	file-selinux-context	phase1-registration	stubs::call	crates/elisp/src/primitives/core.rs	709	registered through Phase-1 stub list
other	needs-classification	file-selinux-context	stub-module	nil	crates/elisp/src/primitives/core/stubs.rs	273	matched in stubs::call
other	needs-classification	file-truename	stub-module	helper-or-compound	crates/elisp/src/primitives/core/stubs.rs	49	matched in stubs::call
other	needs-classification	finalizer	stub-module	nil	crates/elisp/src/primitives/core/stubs.rs	345	matched in stubs::call
other	needs-classification	finalizer	stub-module	nil	crates/elisp/src/primitives/core/stubs.rs	345	matched in stubs::call
other	needs-classification	find-composition	stub-module	helper-or-compound	crates/elisp/src/primitives/core/stubs.rs	78	matched in stubs::call
other	needs-classification	find-composition-internal	stub-module	helper-or-compound	crates/elisp/src/primitives/core/stubs.rs	78	matched in stubs::call
other	needs-classification	format-network-address	stub-module	constant-string	crates/elisp/src/primitives/core/stubs.rs	375	matched in stubs::call
other	needs-classification	format-seconds	phase1-registration	stubs::call	crates/elisp/src/primitives/core.rs	740	registered through Phase-1 stub list
other	needs-classification	format-seconds	stub-module	constant-string	crates/elisp/src/primitives/core/stubs.rs	376	matched in stubs::call
other	needs-classification	func-arity	phase1-registration	stubs::call	crates/elisp/src/primitives/core.rs	726	registered through Phase-1 stub list
other	needs-classification	func-arity	stub-module	helper-or-compound	crates/elisp/src/primitives/core/stubs.rs	328	matched in stubs::call
other	needs-classification	funcall-interactively	phase1-registration	stubs::call	crates/elisp/src/primitives/core.rs	725	registered through Phase-1 stub list
other	needs-classification	funcall-interactively	stub-module	nil	crates/elisp/src/primitives/core/stubs.rs	325	matched in stubs::call
other	needs-classification	generate-new-buffer	stub-module	argument-derived	crates/elisp/src/primitives/core/stubs.rs	156	matched in stubs::call
other	needs-classification	get-load-suffixes	stub-module	nil	crates/elisp/src/primitives/core/stubs.rs	27	matched in stubs::call
other	needs-classification	get-truename-buffer	stub-module	nil	crates/elisp/src/primitives/core/stubs.rs	28	matched in stubs::call
other	needs-classification	gnutls-available-p	stub-module	nil	crates/elisp/src/primitives/core/stubs.rs	14	matched in stubs::call
other	needs-classification	group-gid	stub-module	constant-integer	crates/elisp/src/primitives/core/stubs.rs	68	matched in stubs::call
other	needs-classification	group-name	phase1-registration	stubs::call	crates/elisp/src/primitives/core.rs	738	registered through Phase-1 stub list
other	needs-classification	group-name	stub-module	helper-or-compound	crates/elisp/src/primitives/core/stubs.rs	371	matched in stubs::call
other	needs-classification	group-real-gid	stub-module	constant-integer	crates/elisp/src/primitives/core/stubs.rs	68	matched in stubs::call
other	needs-classification	hash-table-contains-p	phase1-registration	stubs::call	crates/elisp/src/primitives/core.rs	736	registered through Phase-1 stub list
other	needs-classification	hash-table-contains-p	stub-module	nil	crates/elisp/src/primitives/core/stubs.rs	357	matched in stubs::call
other	needs-classification	hash-table-literal	phase1-registration	stubs::call	crates/elisp/src/primitives/core.rs	735	registered through Phase-1 stub list
other	needs-classification	hash-table-literal	stub-module	nil	crates/elisp/src/primitives/core/stubs.rs	356	matched in stubs::call
other	needs-classification	indent-according-to-mode	stub-module	nil	crates/elisp/src/primitives/core/stubs.rs	163	matched in stubs::call
other	needs-classification	indent-for-tab-command	stub-module	nil	crates/elisp/src/primitives/core/stubs.rs	163	matched in stubs::call
other	needs-classification	kill-append	stub-module	helper-or-compound	crates/elisp/src/primitives/core/stubs.rs	188	matched in stubs::call
other	needs-classification	kill-emacs	stub-module	helper-or-compound	crates/elisp/src/primitives/core/stubs.rs	363	matched in stubs::call
other	needs-classification	kill-line	stub-module	helper-or-compound	crates/elisp/src/primitives/core/stubs.rs	188	matched in stubs::call
other	needs-classification	kill-new	stub-module	helper-or-compound	crates/elisp/src/primitives/core/stubs.rs	188	matched in stubs::call
other	needs-classification	kill-process	stub-module	helper-or-compound	crates/elisp/src/primitives/core/stubs.rs	363	matched in stubs::call
other	needs-classification	kill-region	stub-module	helper-or-compound	crates/elisp/src/primitives/core/stubs.rs	188	matched in stubs::call
other	needs-classification	kill-ring-save	stub-module	helper-or-compound	crates/elisp/src/primitives/core/stubs.rs	188	matched in stubs::call
other	needs-classification	kill-whole-line	stub-module	helper-or-compound	crates/elisp/src/primitives/core/stubs.rs	188	matched in stubs::call
other	needs-classification	lossage-size	phase1-registration	stubs::call	crates/elisp/src/primitives/core.rs	737	registered through Phase-1 stub list
other	needs-classification	lossage-size	stub-module	constant-integer	crates/elisp/src/primitives/core/stubs.rs	368	matched in stubs::call
other	needs-classification	make-finalizer	phase1-registration	stubs::call	crates/elisp/src/primitives/core.rs	732	registered through Phase-1 stub list
other	needs-classification	make-finalizer	stub-module	helper-or-compound	crates/elisp/src/primitives/core/stubs.rs	344	matched in stubs::call
other	needs-classification	make-indirect-buffer	stub-module	nil	crates/elisp/src/primitives/core/stubs.rs	36	matched in stubs::call
other	needs-classification	make-record	phase1-registration	stubs::call	crates/elisp/src/primitives/core.rs	731	registered through Phase-1 stub list
other	needs-classification	make-record	stub-module	helper-or-compound	crates/elisp/src/primitives/core/stubs.rs	343	matched in stubs::call
other	needs-classification	make-ring	phase1-registration	stubs::call	crates/elisp/src/primitives/core.rs	733	registered through Phase-1 stub list
other	needs-classification	make-ring	stub-module	nil	crates/elisp/src/primitives/core/stubs.rs	345	matched in stubs::call
other	needs-classification	many	stub-module	nil	crates/elisp/src/primitives/core/stubs.rs	330	matched in stubs::call
other	needs-classification	map-do	phase1-registration	stubs::call	crates/elisp/src/primitives/core.rs	724	registered through Phase-1 stub list
other	needs-classification	map-do	stub-module	nil	crates/elisp/src/primitives/core/stubs.rs	320	matched in stubs::call
other	needs-classification	mapatoms	stub-module	nil	crates/elisp/src/primitives/core/stubs.rs	103	matched in stubs::call
other	needs-classification	mapbacktrace	stub-module	nil	crates/elisp/src/primitives/core/stubs.rs	221	matched in stubs::call
other	needs-classification	mapp	stub-module	helper-or-compound	crates/elisp/src/primitives/core/stubs.rs	55	matched in stubs::call
other	needs-classification	menu-bar-lines	stub-module	nil	crates/elisp/src/primitives/core/stubs.rs	99	matched in stubs::call
other	needs-classification	menu-bar-mode	stub-module	nil	crates/elisp/src/primitives/core/stubs.rs	99	matched in stubs::call
other	needs-classification	module-function-p	stub-module	nil	crates/elisp/src/primitives/core/stubs.rs	299	matched in stubs::call
other	needs-classification	multibyte-char-to-unibyte	stub-module	helper-or-compound	crates/elisp/src/primitives/core/stubs.rs	112	matched in stubs::call
other	needs-classification	native-comp-available-p	stub-module	nil	crates/elisp/src/primitives/core/stubs.rs	14	matched in stubs::call
other	needs-classification	next-overlay-change	stub-module	nil	crates/elisp/src/primitives/core/stubs.rs	83	matched in stubs::call
other	needs-classification	num-processors	stub-module	constant-integer	crates/elisp/src/primitives/core/stubs.rs	369	matched in stubs::call
other	needs-classification	popup-menu	stub-module	nil	crates/elisp/src/primitives/core/stubs.rs	99	matched in stubs::call
other	needs-classification	posn-actual-col-row	stub-module	nil	crates/elisp/src/primitives/core/stubs.rs	131	matched in stubs::call
other	needs-classification	posn-area	stub-module	nil	crates/elisp/src/primitives/core/stubs.rs	131	matched in stubs::call
other	needs-classification	posn-col-row	stub-module	nil	crates/elisp/src/primitives/core/stubs.rs	131	matched in stubs::call
other	needs-classification	posn-object	stub-module	nil	crates/elisp/src/primitives/core/stubs.rs	131	matched in stubs::call
other	needs-classification	posn-object-width-height	stub-module	nil	crates/elisp/src/primitives/core/stubs.rs	131	matched in stubs::call
other	needs-classification	posn-object-x-y	stub-module	nil	crates/elisp/src/primitives/core/stubs.rs	131	matched in stubs::call
other	needs-classification	posn-string	stub-module	nil	crates/elisp/src/primitives/core/stubs.rs	131	matched in stubs::call
other	needs-classification	posn-timestamp	stub-module	nil	crates/elisp/src/primitives/core/stubs.rs	131	matched in stubs::call
other	needs-classification	posn-x-y	stub-module	nil	crates/elisp/src/primitives/core/stubs.rs	131	matched in stubs::call
other	needs-classification	prefix-numeric-value	phase1-registration	stubs::call	crates/elisp/src/primitives/core.rs	702	registered through Phase-1 stub list
other	needs-classification	prefix-numeric-value	stub-module	constant-integer	crates/elisp/src/primitives/core/stubs.rs	257	matched in stubs::call
other	needs-classification	previous-overlay-change	stub-module	nil	crates/elisp/src/primitives/core/stubs.rs	83	matched in stubs::call
other	needs-classification	process-contact	stub-module	helper-or-compound	crates/elisp/src/primitives/core/stubs.rs	363	matched in stubs::call
other	needs-classification	read-passwd	phase1-registration	stubs::call	crates/elisp/src/primitives/core.rs	728	registered through Phase-1 stub list
other	needs-classification	read-passwd	stub-module	constant-string	crates/elisp/src/primitives/core/stubs.rs	335	matched in stubs::call
other	needs-classification	remove-from-invisibility-spec	stub-module	nil	crates/elisp/src/primitives/core/stubs.rs	106	matched in stubs::call
other	needs-classification	remove-function	stub-module	nil	crates/elisp/src/primitives/core/stubs.rs	209	matched in stubs::call
other	needs-classification	ring-convert-sequence-to-ring	phase1-registration	stubs::call	crates/elisp/src/primitives/core.rs	734	registered through Phase-1 stub list
other	needs-classification	ring-convert-sequence-to-ring	stub-module	nil	crates/elisp/src/primitives/core/stubs.rs	353	matched in stubs::call
other	needs-classification	scroll-up	phase1-registration	stubs::call	crates/elisp/src/primitives/core.rs	714	registered through Phase-1 stub list
other	needs-classification	scroll-up	stub-module	nil	crates/elisp/src/primitives/core/stubs.rs	285	matched in stubs::call
other	needs-classification	secure-hash-algorithms	phase1-registration	stubs::call	crates/elisp/src/primitives/core.rs	720	registered through Phase-1 stub list
other	needs-classification	secure-hash-algorithms	stub-module	helper-or-compound	crates/elisp/src/primitives/core/stubs.rs	313	matched in stubs::call
other	needs-classification	self-insert-command	phase1-registration	stubs::call	crates/elisp/src/primitives/core.rs	713	registered through Phase-1 stub list
other	needs-classification	self-insert-command	stub-module	argument-derived	crates/elisp/src/primitives/core/stubs.rs	278	matched in stubs::call
other	needs-classification	set-auto-mode--find-matching-alist-entry	phase1-registration	stubs::call	crates/elisp/src/primitives/core.rs	741	registered through Phase-1 stub list
other	needs-classification	set-auto-mode--find-matching-alist-entry	stub-module	nil	crates/elisp/src/primitives/core/stubs.rs	379	matched in stubs::call
other	needs-classification	set-buffer-multibyte	stub-module	argument-derived	crates/elisp/src/primitives/core/stubs.rs	184	matched in stubs::call
other	needs-classification	set-file-acl	phase1-registration	stubs::call	crates/elisp/src/primitives/core.rs	710	registered through Phase-1 stub list
other	needs-classification	set-file-acl	stub-module	nil	crates/elisp/src/primitives/core/stubs.rs	273	matched in stubs::call
other	needs-classification	set-file-modes	stub-module	nil	crates/elisp/src/primitives/core/stubs.rs	52	matched in stubs::call
other	needs-classification	set-process-plist	stub-module	helper-or-compound	crates/elisp/src/primitives/core/stubs.rs	363	matched in stubs::call
other	needs-classification	set-visited-file-name	stub-module	nil	crates/elisp/src/primitives/core/stubs.rs	177	matched in stubs::call
other	needs-classification	setopt	phase1-registration	stubs::call	crates/elisp/src/primitives/core.rs	742	registered through Phase-1 stub list
other	needs-classification	setopt	stub-module	nil	crates/elisp/src/primitives/core/stubs.rs	380	matched in stubs::call
other	needs-classification	split-char	phase1-registration	stubs::call	crates/elisp/src/primitives/core.rs	721	registered through Phase-1 stub list
other	needs-classification	split-char	stub-module	helper-or-compound	crates/elisp/src/primitives/core/stubs.rs	314	matched in stubs::call
other	needs-classification	substitute-in-file-name	phase1-registration	stubs::call	crates/elisp/src/primitives/core.rs	711	registered through Phase-1 stub list
other	needs-classification	substitute-in-file-name	stub-module	argument-derived	crates/elisp/src/primitives/core/stubs.rs	274	matched in stubs::call
other	needs-classification	symbol-file	stub-module	nil	crates/elisp/src/primitives/core/stubs.rs	157	matched in stubs::call
other	needs-classification	symbol-plist	stub-module	nil	crates/elisp/src/primitives/core/stubs.rs	104	matched in stubs::call
other	needs-classification	tab-bar-mode	stub-module	nil	crates/elisp/src/primitives/core/stubs.rs	99	matched in stubs::call
other	needs-classification	text-char-description	stub-module	helper-or-compound	crates/elisp/src/primitives/core/stubs.rs	123	matched in stubs::call
other	needs-classification	tool-bar-local-item	stub-module	nil	crates/elisp/src/primitives/core/stubs.rs	40	matched in stubs::call
other	needs-classification	tool-bar-local-item-from-menu	stub-module	nil	crates/elisp/src/primitives/core/stubs.rs	40	matched in stubs::call
other	needs-classification	tool-bar-mode	stub-module	nil	crates/elisp/src/primitives/core/stubs.rs	99	matched in stubs::call
other	needs-classification	total-line-spacing	phase1-registration	stubs::call	crates/elisp/src/primitives/core.rs	715	registered through Phase-1 stub list
other	needs-classification	total-line-spacing	stub-module	constant-integer	crates/elisp/src/primitives/core/stubs.rs	286	matched in stubs::call
other	needs-classification	translation-table-id	stub-module	nil	crates/elisp/src/primitives/core/stubs.rs	170	matched in stubs::call
other	needs-classification	treesit-language-available-p	stub-module	nil	crates/elisp/src/primitives/core/stubs.rs	236	matched in stubs::call
other	needs-classification	treesit-library-abi-version	stub-module	nil	crates/elisp/src/primitives/core/stubs.rs	236	matched in stubs::call
other	needs-classification	treesit-node-child	stub-module	nil	crates/elisp/src/primitives/core/stubs.rs	236	matched in stubs::call
other	needs-classification	treesit-node-child-by-field-name	stub-module	nil	crates/elisp/src/primitives/core/stubs.rs	236	matched in stubs::call
other	needs-classification	treesit-node-children	stub-module	nil	crates/elisp/src/primitives/core/stubs.rs	236	matched in stubs::call
other	needs-classification	treesit-node-end	stub-module	nil	crates/elisp/src/primitives/core/stubs.rs	236	matched in stubs::call
other	needs-classification	treesit-node-p	stub-module	nil	crates/elisp/src/primitives/core/stubs.rs	236	matched in stubs::call
other	needs-classification	treesit-node-parent	stub-module	nil	crates/elisp/src/primitives/core/stubs.rs	236	matched in stubs::call
other	needs-classification	treesit-node-start	stub-module	nil	crates/elisp/src/primitives/core/stubs.rs	236	matched in stubs::call
other	needs-classification	treesit-node-string	stub-module	nil	crates/elisp/src/primitives/core/stubs.rs	236	matched in stubs::call
other	needs-classification	treesit-node-type	stub-module	nil	crates/elisp/src/primitives/core/stubs.rs	236	matched in stubs::call
other	needs-classification	treesit-parser-buffer	stub-module	nil	crates/elisp/src/primitives/core/stubs.rs	236	matched in stubs::call
other	needs-classification	treesit-parser-create	stub-module	nil	crates/elisp/src/primitives/core/stubs.rs	236	matched in stubs::call
other	needs-classification	treesit-parser-delete	stub-module	nil	crates/elisp/src/primitives/core/stubs.rs	236	matched in stubs::call
other	needs-classification	treesit-parser-language	stub-module	nil	crates/elisp/src/primitives/core/stubs.rs	236	matched in stubs::call
other	needs-classification	treesit-parser-p	stub-module	nil	crates/elisp/src/primitives/core/stubs.rs	236	matched in stubs::call
other	needs-classification	treesit-query-capture	stub-module	nil	crates/elisp/src/primitives/core/stubs.rs	236	matched in stubs::call
other	needs-classification	treesit-query-compile	stub-module	nil	crates/elisp/src/primitives/core/stubs.rs	236	matched in stubs::call
other	needs-classification	truncate-string-to-width	stub-module	helper-or-compound	crates/elisp/src/primitives/core/stubs.rs	119	matched in stubs::call
other	needs-classification	undo-boundary	stub-module	nil	crates/elisp/src/primitives/core/stubs.rs	22	matched in stubs::call
other	needs-classification	unencodable-char-position	phase1-registration	stubs::call	crates/elisp/src/primitives/core.rs	730	registered through Phase-1 stub list
other	needs-classification	unencodable-char-position	stub-module	nil	crates/elisp/src/primitives/core/stubs.rs	341	matched in stubs::call
other	needs-classification	unhandled-file-name-directory	phase1-registration	stubs::call	crates/elisp/src/primitives/core.rs	712	registered through Phase-1 stub list
other	needs-classification	unhandled-file-name-directory	stub-module	nil	crates/elisp/src/primitives/core/stubs.rs	275	matched in stubs::call
other	needs-classification	unintern	stub-module	nil	crates/elisp/src/primitives/core/stubs.rs	103	matched in stubs::call
other	needs-classification	up-list	stub-module	nil	crates/elisp/src/primitives/core/stubs.rs	167	matched in stubs::call
other	needs-classification	user-real-uid	stub-module	constant-integer	crates/elisp/src/primitives/core/stubs.rs	67	matched in stubs::call
other	needs-classification	user-uid	stub-module	constant-integer	crates/elisp/src/primitives/core/stubs.rs	67	matched in stubs::call
other	needs-classification	verify-visited-file-modtime	stub-module	nil	crates/elisp/src/primitives/core/stubs.rs	177	matched in stubs::call
other	needs-classification	visited-file-modtime	stub-module	nil	crates/elisp/src/primitives/core/stubs.rs	177	matched in stubs::call
other	needs-classification	x-popup-menu	stub-module	nil	crates/elisp/src/primitives/core/stubs.rs	99	matched in stubs::call
other	needs-classification	yank	stub-module	helper-or-compound	crates/elisp/src/primitives/core/stubs.rs	188	matched in stubs::call
other	needs-classification	yank-pop	stub-module	helper-or-compound	crates/elisp/src/primitives/core/stubs.rs	188	matched in stubs::call
other	runtime-missing	abbrev-table-p	bootstrap-alias	ignore	crates/elisp/src/eval/bootstrap/functions_2.rs	628	silent primitive alias
other	runtime-missing	all-completions	bootstrap-alias	ignore	crates/elisp/src/eval/bootstrap/functions_2.rs	911	silent primitive alias
other	runtime-missing	ask-user-about-lock	bootstrap-alias	ignore	crates/elisp/src/eval/bootstrap/functions_2.rs	681	silent primitive alias
other	runtime-missing	autoload	bootstrap-alias	ignore	crates/elisp/src/eval/bootstrap/functions_2.rs	237	silent primitive alias
other	runtime-missing	backup-buffer	bootstrap-alias	ignore	crates/elisp/src/eval/bootstrap/functions_2.rs	680	silent primitive alias
other	runtime-missing	beep	bootstrap-alias	ignore	crates/elisp/src/eval/bootstrap/functions_2.rs	700	silent primitive alias
other	runtime-missing	byte-compile-warn	bootstrap-alias	ignore	crates/elisp/src/eval/bootstrap/functions_2.rs	353	silent primitive alias
other	runtime-missing	cl-progv	bootstrap-alias	ignore	crates/elisp/src/eval/bootstrap/functions_2.rs	1089	silent primitive alias
other	runtime-missing	clear-abbrev-table	bootstrap-alias	ignore	crates/elisp/src/eval/bootstrap/functions_2.rs	627	silent primitive alias
other	runtime-missing	clear-composition-cache	bootstrap-alias	ignore	crates/elisp/src/eval/bootstrap/functions_2.rs	872	silent primitive alias
other	runtime-missing	clear-string	core-alias	ignore	crates/elisp/src/primitives/core.rs	308	registered as primitive("ignore")
other	runtime-missing	coding-system-type	bootstrap-alias	ignore	crates/elisp/src/eval/bootstrap/functions_2.rs	490	silent primitive alias
other	runtime-missing	commandp	bootstrap-alias	ignore	crates/elisp/src/eval/bootstrap/functions_2.rs	1396	silent primitive alias
other	runtime-missing	completing-read	bootstrap-alias	ignore	crates/elisp/src/eval/bootstrap/functions_2.rs	694	silent primitive alias
other	runtime-missing	compose-region-internal	bootstrap-alias	ignore	crates/elisp/src/eval/bootstrap/functions_2.rs	869	silent primitive alias
other	runtime-missing	compose-string-internal	bootstrap-alias	ignore	crates/elisp/src/eval/bootstrap/functions_2.rs	870	silent primitive alias
other	runtime-missing	current-message	bootstrap-alias	ignore	crates/elisp/src/eval/bootstrap/functions_2.rs	954	silent primitive alias
other	runtime-missing	current-time-string	bootstrap-alias	ignore	crates/elisp/src/eval/bootstrap/functions_2.rs	308	silent primitive alias
other	runtime-missing	daemonp	bootstrap-alias	ignore	crates/elisp/src/eval/bootstrap/functions_2.rs	1084	silent primitive alias
other	runtime-missing	dbus-ping	bootstrap-alias	ignore	crates/elisp/src/eval/bootstrap/functions_2.rs	1078	silent primitive alias
other	runtime-missing	declare-function	bootstrap-alias	ignore	crates/elisp/src/eval/bootstrap/functions_2.rs	889	silent primitive alias
other	runtime-missing	default-boundp	bootstrap-alias	ignore	crates/elisp/src/eval/bootstrap/functions_2.rs	239	silent primitive alias
other	runtime-missing	define-abbrev-table	bootstrap-alias	ignore	crates/elisp/src/eval/bootstrap/functions_2.rs	626	silent primitive alias
other	runtime-missing	define-ccl-program	bootstrap-alias	ignore	crates/elisp/src/eval/bootstrap/functions_2.rs	858	silent primitive alias
other	runtime-missing	define-hash-table-test	core-alias	ignore	crates/elisp/src/primitives/core.rs	309	registered as primitive("ignore")
other	runtime-missing	defvar-local	bootstrap-alias	ignore	crates/elisp/src/eval/bootstrap/functions_2.rs	890	silent primitive alias
other	runtime-missing	ding	bootstrap-alias	ignore	crates/elisp/src/eval/bootstrap/functions_2.rs	699	silent primitive alias
other	runtime-missing	emacs-pid	bootstrap-alias	ignore	crates/elisp/src/eval/bootstrap/functions_2.rs	303	silent primitive alias
other	runtime-missing	event-basic-type	bootstrap-alias	ignore	crates/elisp/src/eval/bootstrap/functions_2.rs	115	silent primitive alias
other	runtime-missing	event-convert-list	bootstrap-alias	ignore	crates/elisp/src/eval/bootstrap/functions_2.rs	358	silent primitive alias
other	runtime-missing	event-modifiers	bootstrap-alias	ignore	crates/elisp/src/eval/bootstrap/functions_2.rs	114	silent primitive alias
other	runtime-missing	file-locked-p	bootstrap-alias	ignore	crates/elisp/src/eval/bootstrap/functions_2.rs	684	silent primitive alias
other	runtime-missing	file-name-case-insensitive-p	core-alias	ignore	crates/elisp/src/primitives/core.rs	298	registered as primitive("ignore")
other	runtime-missing	find-buffer-visiting	bootstrap-alias	ignore	crates/elisp/src/eval/bootstrap/functions_2.rs	679	silent primitive alias
other	runtime-missing	find-composition-internal	bootstrap-alias	ignore	crates/elisp/src/eval/bootstrap/functions_2.rs	871	silent primitive alias
other	runtime-missing	fontp	bootstrap-alias	ignore	crates/elisp/src/eval/bootstrap/functions_2.rs	876	silent primitive alias
other	runtime-missing	format-message	bootstrap-alias	ignore	crates/elisp/src/eval/bootstrap/functions_2.rs	731	silent primitive alias
other	runtime-missing	get-char-code-property	bootstrap-alias	ignore	crates/elisp/src/eval/bootstrap/functions_2.rs	881	silent primitive alias
other	runtime-missing	gui-get-selection	bootstrap-alias	ignore	crates/elisp/src/eval/bootstrap/functions_2.rs	1048	silent primitive alias
other	runtime-missing	gui-selection-exists-p	bootstrap-alias	ignore	crates/elisp/src/eval/bootstrap/functions_2.rs	1050	silent primitive alias
other	runtime-missing	gui-selection-owner-p	bootstrap-alias	ignore	crates/elisp/src/eval/bootstrap/functions_2.rs	1049	silent primitive alias
other	runtime-missing	gui-set-selection	bootstrap-alias	ignore	crates/elisp/src/eval/bootstrap/functions_2.rs	1047	silent primitive alias
other	runtime-missing	hash-table-p	bootstrap-alias	ignore	crates/elisp/src/eval/bootstrap/functions_2.rs	252	silent primitive alias
other	runtime-missing	indent-line-to	bootstrap-alias	ignore	crates/elisp/src/eval/bootstrap/functions_2.rs	966	silent primitive alias
other	runtime-missing	interactive-form	core-alias	ignore	crates/elisp/src/primitives/core.rs	300	registered as primitive("ignore")
other	runtime-missing	internal--hash-table-buckets	core-alias	ignore	crates/elisp/src/primitives/core.rs	311	registered as primitive("ignore")
other	runtime-missing	internal--hash-table-histogram	core-alias	ignore	crates/elisp/src/primitives/core.rs	312	registered as primitive("ignore")
other	runtime-missing	internal--hash-table-index-size	core-alias	ignore	crates/elisp/src/primitives/core.rs	313	registered as primitive("ignore")
other	runtime-missing	internal-complete-buffer	bootstrap-alias	ignore	crates/elisp/src/eval/bootstrap/functions_2.rs	913	silent primitive alias
other	runtime-missing	line-number-at-pos	core-alias	ignore	crates/elisp/src/primitives/core.rs	314	registered as primitive("ignore")
other	runtime-missing	load-average	core-alias	ignore	crates/elisp/src/primitives/core.rs	307	registered as primitive("ignore")
other	runtime-missing	locale-info	core-alias	ignore	crates/elisp/src/primitives/core.rs	306	registered as primitive("ignore")
other	runtime-missing	locate-file-internal	bootstrap-alias	ignore	crates/elisp/src/eval/bootstrap/functions_2.rs	765	silent primitive alias
other	runtime-missing	lock-buffer	bootstrap-alias	ignore	crates/elisp/src/eval/bootstrap/functions_2.rs	682	silent primitive alias
other	runtime-missing	lookup-nested-alist	bootstrap-alias	ignore	crates/elisp/src/eval/bootstrap/functions_2.rs	860	silent primitive alias
other	runtime-missing	lwarn	bootstrap-alias	ignore	crates/elisp/src/eval/bootstrap/functions_2.rs	702	silent primitive alias
other	runtime-missing	make-byte-code	bootstrap-alias	ignore	crates/elisp/src/eval/bootstrap/functions_2.rs	95	silent primitive alias
other	runtime-missing	make-obsolete	bootstrap-alias	ignore	crates/elisp/src/eval/bootstrap/functions_2.rs	886	silent primitive alias
other	runtime-missing	make-obsolete-variable	bootstrap-alias	ignore	crates/elisp/src/eval/bootstrap/functions_2.rs	887	silent primitive alias
other	runtime-missing	mapconcat	bootstrap-alias	ignore	crates/elisp/src/eval/bootstrap/functions_2.rs	111	silent primitive alias
other	runtime-missing	match-data--translate	bootstrap-alias	ignore	crates/elisp/src/eval/bootstrap/functions_2.rs	885	silent primitive alias
other	runtime-missing	minibuffer-depth	bootstrap-alias	ignore	crates/elisp/src/eval/bootstrap/functions_2.rs	904	silent primitive alias
other	runtime-missing	minibufferp	bootstrap-alias	ignore	crates/elisp/src/eval/bootstrap/functions_2.rs	895	silent primitive alias
other	runtime-missing	module-load	bootstrap-alias	ignore	crates/elisp/src/eval/bootstrap/functions_2.rs	1077	silent primitive alias
other	runtime-missing	mouse-position	bootstrap-alias	ignore	crates/elisp/src/eval/bootstrap/functions_2.rs	1031	silent primitive alias
other	runtime-missing	native-comp-available-p	bootstrap-alias	ignore	crates/elisp/src/eval/bootstrap/functions_2.rs	1074	silent primitive alias
other	runtime-missing	native-comp-unit-file	core-alias	ignore	crates/elisp/src/primitives/core.rs	301	registered as primitive("ignore")
other	runtime-missing	native-comp-unit-set-file	core-alias	ignore	crates/elisp/src/primitives/core.rs	302	registered as primitive("ignore")
other	runtime-missing	native-compile	bootstrap-alias	ignore	crates/elisp/src/eval/bootstrap/functions_2.rs	1076	silent primitive alias
other	runtime-missing	object-intervals	core-alias	ignore	crates/elisp/src/primitives/core.rs	310	registered as primitive("ignore")
other	runtime-missing	oclosure-define	bootstrap-alias	ignore	crates/elisp/src/eval/bootstrap/functions_2.rs	888	silent primitive alias
other	runtime-missing	pdumper-stats	bootstrap-alias	ignore	crates/elisp/src/eval/bootstrap/functions_2.rs	1073	silent primitive alias
other	runtime-missing	posn-at-x-y	bootstrap-alias	ignore	crates/elisp/src/eval/bootstrap/functions_2.rs	1040	silent primitive alias
other	runtime-missing	process-attributes	bootstrap-alias	ignore	crates/elisp/src/eval/bootstrap/functions_2.rs	112	silent primitive alias
other	runtime-missing	process-attributes	bootstrap-alias	ignore	crates/elisp/src/eval/bootstrap/functions_2.rs	304	silent primitive alias
other	runtime-missing	process-list	bootstrap-alias	ignore	crates/elisp/src/eval/bootstrap/functions_2.rs	1059	silent primitive alias
other	runtime-missing	read-directory-name	bootstrap-alias	ignore	crates/elisp/src/eval/bootstrap/functions_2.rs	688	silent primitive alias
other	runtime-missing	read-file-name	bootstrap-alias	ignore	crates/elisp/src/eval/bootstrap/functions_2.rs	687	silent primitive alias
other	runtime-missing	recursive-edit	bootstrap-alias	ignore	crates/elisp/src/eval/bootstrap/functions_2.rs	697	silent primitive alias
other	runtime-missing	regexp-opt	bootstrap-alias	ignore	crates/elisp/src/eval/bootstrap/functions_2.rs	868	silent primitive alias
other	runtime-missing	register-input-method	bootstrap-alias	ignore	crates/elisp/src/eval/bootstrap/functions_2.rs	658	silent primitive alias
other	runtime-missing	register-input-method	bootstrap-alias	ignore	crates/elisp/src/eval/bootstrap/functions_2.rs	849	silent primitive alias
other	runtime-missing	rx-define	bootstrap-alias	ignore	crates/elisp/src/eval/bootstrap/functions_2.rs	1494	silent primitive alias
other	runtime-missing	save-buffer	bootstrap-alias	ignore	crates/elisp/src/eval/bootstrap/functions_2.rs	884	silent primitive alias
other	runtime-missing	set-buffer-major-mode	bootstrap-alias	ignore	crates/elisp/src/eval/bootstrap/functions_2.rs	768	silent primitive alias
other	runtime-missing	set-file-modes	bootstrap-alias	ignore	crates/elisp/src/eval/bootstrap/functions_2.rs	677	silent primitive alias
other	runtime-missing	set-file-times	bootstrap-alias	ignore	crates/elisp/src/eval/bootstrap/functions_2.rs	678	silent primitive alias
other	runtime-missing	set-language-environment	bootstrap-alias	ignore	crates/elisp/src/eval/bootstrap/functions_2.rs	411	silent primitive alias
other	runtime-missing	set-language-info	bootstrap-alias	ignore	crates/elisp/src/eval/bootstrap/functions_2.rs	848	silent primitive alias
other	runtime-missing	set-language-info-alist	bootstrap-alias	ignore	crates/elisp/src/eval/bootstrap/functions_2.rs	657	silent primitive alias
other	runtime-missing	set-mouse-position	bootstrap-alias	ignore	crates/elisp/src/eval/bootstrap/functions_2.rs	1032	silent primitive alias
other	runtime-missing	set-nested-alist	bootstrap-alias	ignore	crates/elisp/src/eval/bootstrap/functions_2.rs	859	silent primitive alias
other	runtime-missing	set-process-sentinel	bootstrap-alias	ignore	crates/elisp/src/eval/bootstrap/functions_2.rs	113	silent primitive alias
other	runtime-missing	set-visited-file-modtime	bootstrap-alias	ignore	crates/elisp/src/eval/bootstrap/functions_2.rs	676	silent primitive alias
other	runtime-missing	setenv-internal	bootstrap-alias	ignore	crates/elisp/src/eval/bootstrap/functions_2.rs	767	silent primitive alias
other	runtime-missing	sit-for	bootstrap-alias	ignore	crates/elisp/src/eval/bootstrap/functions_2.rs	695	silent primitive alias
other	runtime-missing	sleep-for	bootstrap-alias	ignore	crates/elisp/src/eval/bootstrap/functions_2.rs	696	silent primitive alias
other	runtime-missing	string-collate-lessp	bootstrap-alias	ignore	crates/elisp/src/eval/bootstrap/functions_2.rs	110	silent primitive alias
other	runtime-missing	string-distance	core-alias	ignore	crates/elisp/src/primitives/core.rs	315	registered as primitive("ignore")
other	runtime-missing	subr-native-comp-unit	core-alias	ignore	crates/elisp/src/primitives/core.rs	303	registered as primitive("ignore")
other	runtime-missing	subr-native-elisp-p	bootstrap-alias	ignore	crates/elisp/src/eval/bootstrap/functions_2.rs	1075	silent primitive alias
other	runtime-missing	subr-native-lambda-list	core-alias	ignore	crates/elisp/src/primitives/core.rs	304	registered as primitive("ignore")
other	runtime-missing	subr-type	core-alias	ignore	crates/elisp/src/primitives/core.rs	305	registered as primitive("ignore")
other	runtime-missing	subword-mode	bootstrap-alias	ignore	crates/elisp/src/eval/bootstrap/functions_2.rs	1085	silent primitive alias
other	runtime-missing	symbol-with-pos-p	bootstrap-alias	ignore	crates/elisp/src/eval/bootstrap/functions_2.rs	85	silent primitive alias
other	runtime-missing	syntax-ppss-flush-cache	bootstrap-alias	ignore	crates/elisp/src/eval/bootstrap/functions_2.rs	982	silent primitive alias
other	runtime-missing	syntax-propertize	bootstrap-alias	ignore	crates/elisp/src/eval/bootstrap/functions_2.rs	983	silent primitive alias
other	runtime-missing	system-name	bootstrap-alias	ignore	crates/elisp/src/eval/bootstrap/functions_2.rs	732	silent primitive alias
other	runtime-missing	system-name	bootstrap-alias	ignore	crates/elisp/src/eval/bootstrap/functions_2.rs	766	silent primitive alias
other	runtime-missing	test-completion	bootstrap-alias	ignore	crates/elisp/src/eval/bootstrap/functions_2.rs	912	silent primitive alias
other	runtime-missing	top-level	bootstrap-alias	ignore	crates/elisp/src/eval/bootstrap/functions_2.rs	698	silent primitive alias
other	runtime-missing	track-mouse	bootstrap-alias	ignore	crates/elisp/src/eval/bootstrap/functions_2.rs	1033	silent primitive alias
other	runtime-missing	treesit-available-p	bootstrap-alias	ignore	crates/elisp/src/eval/bootstrap/functions_2.rs	1083	silent primitive alias
other	runtime-missing	treesit-parser-create	bootstrap-alias	ignore	crates/elisp/src/eval/bootstrap/functions_2.rs	965	silent primitive alias
other	runtime-missing	treesit-ready-p	bootstrap-alias	ignore	crates/elisp/src/eval/bootstrap/functions_2.rs	964	silent primitive alias
other	runtime-missing	try-completion	bootstrap-alias	ignore	crates/elisp/src/eval/bootstrap/functions_2.rs	910	silent primitive alias
other	runtime-missing	unlock-buffer	bootstrap-alias	ignore	crates/elisp/src/eval/bootstrap/functions_2.rs	683	silent primitive alias
other	runtime-missing	upper-bound	bootstrap-alias	ignore	crates/elisp/src/eval/bootstrap/functions_2.rs	764	silent primitive alias
other	runtime-missing	use-cjk-char-width-table	bootstrap-alias	ignore	crates/elisp/src/eval/bootstrap/functions_2.rs	861	silent primitive alias
other	runtime-missing	variable-binding-locus	core-alias	ignore	crates/elisp/src/primitives/core.rs	299	registered as primitive("ignore")
other	runtime-missing	view-lossage	bootstrap-alias	ignore	crates/elisp/src/eval/bootstrap/functions_2.rs	730	silent primitive alias
other	runtime-missing	with-temp-buffer	bootstrap-alias	ignore	crates/elisp/src/eval/bootstrap/functions_2.rs	716	silent primitive alias
other	runtime-missing	x-get-resource	bootstrap-alias	ignore	crates/elisp/src/eval/bootstrap/functions_2.rs	618	silent primitive alias
other	runtime-missing	x-list-fonts	bootstrap-alias	ignore	crates/elisp/src/eval/bootstrap/functions_2.rs	619	silent primitive alias
other	runtime-missing	x-parse-geometry	bootstrap-alias	ignore	crates/elisp/src/eval/bootstrap/functions_2.rs	1017	silent primitive alias
other	runtime-missing	x-popup-dialog	bootstrap-alias	ignore	crates/elisp/src/eval/bootstrap/functions_2.rs	1042	silent primitive alias
other	runtime-missing	x-popup-menu	bootstrap-alias	ignore	crates/elisp/src/eval/bootstrap/functions_2.rs	1041	silent primitive alias
other	runtime-missing	x-selection-exists-p	bootstrap-alias	ignore	crates/elisp/src/eval/bootstrap/functions_2.rs	1058	silent primitive alias
other	runtime-missing	x-selection-owner-p	bootstrap-alias	ignore	crates/elisp/src/eval/bootstrap/functions_2.rs	1057	silent primitive alias
window/display	needs-classification	backtrace-frame--internal	stub-module	nil	crates/elisp/src/primitives/core/stubs.rs	29	matched in stubs::call
window/display	needs-classification	backtrace-frames	stub-module	nil	crates/elisp/src/primitives/core/stubs.rs	221	matched in stubs::call
window/display	needs-classification	bidi-resolved-levels	stub-module	nil	crates/elisp/src/primitives/core/stubs.rs	46	matched in stubs::call
window/display	needs-classification	buffer-text-pixel-size	stub-module	helper-or-compound	crates/elisp/src/primitives/core/stubs.rs	23	matched in stubs::call
window/display	needs-classification	create-image	stub-module	nil	crates/elisp/src/primitives/core/stubs.rs	93	matched in stubs::call
window/display	needs-classification	define-fringe-bitmap	stub-module	nil	crates/elisp/src/primitives/core/stubs.rs	194	matched in stubs::call
window/display	needs-classification	format-mode-line	phase1-registration	stubs::call	crates/elisp/src/primitives/core.rs	739	registered through Phase-1 stub list
window/display	needs-classification	format-mode-line	stub-module	constant-string	crates/elisp/src/primitives/core/stubs.rs	374	matched in stubs::call
window/display	needs-classification	fringe-bitmap-p	stub-module	nil	crates/elisp/src/primitives/core/stubs.rs	194	matched in stubs::call
window/display	needs-classification	fringe-bitmaps-at-pos	stub-module	nil	crates/elisp/src/primitives/core/stubs.rs	194	matched in stubs::call
window/display	needs-classification	image-flush	stub-module	nil	crates/elisp/src/primitives/core/stubs.rs	93	matched in stubs::call
window/display	needs-classification	image-frame-cache-size	stub-module	nil	crates/elisp/src/primitives/core/stubs.rs	93	matched in stubs::call
window/display	needs-classification	image-mask-p	stub-module	signals	crates/elisp/src/primitives/core/stubs.rs	87	matched in stubs::call
window/display	needs-classification	image-mask-p: not a graphic display	stub-module	signals	crates/elisp/src/primitives/core/stubs.rs	90	matched in stubs::call
window/display	needs-classification	image-metadata	stub-module	signals	crates/elisp/src/primitives/core/stubs.rs	90	matched in stubs::call
window/display	needs-classification	image-metadata: not a graphic display	stub-module	nil	crates/elisp/src/primitives/core/stubs.rs	93	matched in stubs::call
window/display	needs-classification	image-size	stub-module	signals	crates/elisp/src/primitives/core/stubs.rs	86	matched in stubs::call
window/display	needs-classification	image-size: not a graphic display	stub-module	signals	crates/elisp/src/primitives/core/stubs.rs	87	matched in stubs::call
window/display	needs-classification	image-type-available-p	stub-module	nil	crates/elisp/src/primitives/core/stubs.rs	14	matched in stubs::call
window/display	needs-classification	network-interface-list	stub-module	nil	crates/elisp/src/primitives/core/stubs.rs	370	matched in stubs::call
window/display	needs-classification	posn-image	stub-module	nil	crates/elisp/src/primitives/core/stubs.rs	131	matched in stubs::call
window/display	needs-classification	posn-window	stub-module	nil	crates/elisp/src/primitives/core/stubs.rs	131	matched in stubs::call
window/display	needs-classification	set-face-strike-through	stub-module	nil	crates/elisp/src/primitives/core/stubs.rs	109	matched in stubs::call
window/display	needs-classification	set-face-underline	stub-module	nil	crates/elisp/src/primitives/core/stubs.rs	109	matched in stubs::call
window/display	needs-classification	set-fringe-bitmap-face	stub-module	nil	crates/elisp/src/primitives/core/stubs.rs	194	matched in stubs::call
window/display	needs-classification	string-pixel-width	stub-module	constant-integer	crates/elisp/src/primitives/core/stubs.rs	122	matched in stubs::call
window/display	needs-classification	truncate-string-pixelwise	stub-module	helper-or-compound	crates/elisp/src/primitives/core/stubs.rs	119	matched in stubs::call
window/display	runtime-missing	define-fringe-bitmap	bootstrap-alias	ignore	crates/elisp/src/eval/bootstrap/functions_2.rs	985	silent primitive alias
window/display	runtime-missing	display-multi-font-p	bootstrap-alias	ignore	crates/elisp/src/eval/bootstrap/functions_2.rs	862	silent primitive alias
window/display	runtime-missing	display-warning	bootstrap-alias	ignore	crates/elisp/src/eval/bootstrap/functions_2.rs	701	silent primitive alias
window/display	runtime-missing	face-attribute	bootstrap-alias	ignore	crates/elisp/src/eval/bootstrap/functions_2.rs	597	silent primitive alias
window/display	runtime-missing	face-list	bootstrap-alias	ignore	crates/elisp/src/eval/bootstrap/functions_2.rs	596	silent primitive alias
window/display	runtime-missing	face-spec-recalc	bootstrap-alias	ignore	crates/elisp/src/eval/bootstrap/functions_2.rs	605	silent primitive alias
window/display	runtime-missing	font-at	bootstrap-alias	ignore	crates/elisp/src/eval/bootstrap/functions_2.rs	875	silent primitive alias
window/display	runtime-missing	font-get-glyphs	bootstrap-alias	ignore	crates/elisp/src/eval/bootstrap/functions_2.rs	877	silent primitive alias
window/display	runtime-missing	font-object-p	bootstrap-alias	ignore	crates/elisp/src/eval/bootstrap/functions_2.rs	880	silent primitive alias
window/display	runtime-missing	font-put	bootstrap-alias	ignore	crates/elisp/src/eval/bootstrap/functions_2.rs	879	silent primitive alias
window/display	runtime-missing	font-shape-gstring	bootstrap-alias	ignore	crates/elisp/src/eval/bootstrap/functions_2.rs	873	silent primitive alias
window/display	runtime-missing	font-variation-glyphs	bootstrap-alias	ignore	crates/elisp/src/eval/bootstrap/functions_2.rs	878	silent primitive alias
window/display	runtime-missing	handle-switch-frame	bootstrap-alias	ignore	crates/elisp/src/eval/bootstrap/functions_2.rs	1029	silent primitive alias
window/display	runtime-missing	internal-lisp-face-p	bootstrap-alias	ignore	crates/elisp/src/eval/bootstrap/functions_2.rs	599	silent primitive alias
window/display	runtime-missing	internal-make-lisp-face	bootstrap-alias	ignore	crates/elisp/src/eval/bootstrap/functions_2.rs	600	silent primitive alias
window/display	runtime-missing	mouse-pixel-position	bootstrap-alias	ignore	crates/elisp/src/eval/bootstrap/functions_2.rs	1034	silent primitive alias
window/display	runtime-missing	set-face-attribute	bootstrap-alias	ignore	crates/elisp/src/eval/bootstrap/functions_2.rs	598	silent primitive alias
